Puzzle ID,Difficulty,Solved,Steps Taken,Time (s),Reached End,No Legal Actions
aa31d05ed8fdb273,3,FAIL,34,670.08,Yes,No
ebc9c10093a1255a,3,FAIL,8,354.14,No,Yes
ed40414d615431d6,3,FAIL,11,350.29,No,Yes
dce20e150e7fcced,5,FAIL,23,502.80,No,Yes
3fe8a85b768ae5b7,1,FAIL,1,58.99,Yes,No
1284a7249a4fa10f,3,FAIL,4,149.73,Yes,No
cbeb87b359947c42,3,FAIL,11,214.36,Yes,No
c80d64b5c5e39d7b,5,FAIL,17,246.06,Yes,No
24e8876585456ee5,5,FAIL,8,205.49,Yes,No
196a88635b1c83b4,4,FAIL,5,140.62,Yes,No
e82bd665d710bb75,2,FAIL,10,213.50,Yes,No
c6739963a7308111,3,PASS,8,254.80,Yes,No
953c10f2e4d6fd6,2,PASS,1,68.10,Yes,No
d91761f3ba340d,4,FAIL,13,283.11,Yes,No
bc66c2e18fd6231b,3,FAIL,10,257.15,Yes,No
4b236c53ea5fbbdf,3,FAIL,34,773.46,No,Yes
5f9a92945a4ab62e,1,PASS,7,148.92,Yes,No
860fbc1cfd446f7c,3,FAIL,7,203.76,No,Yes
5b5d43da944a752d,4,FAIL,13,278.40,Yes,No
971ad9f45d1bd53b,5,FAIL,17,368.34,No,Yes
5b3d4d35ac301050,2,FAIL,15,401.21,Yes,No
69a08c785ce5fcac,1,PASS,6,170.13,Yes,No
a814bed4f6905ba4,5,FAIL,14,272.48,Yes,No
f32fe4e5b37fedaa,5,FAIL,10,268.78,Yes,No
3ba7fc567dd14312,3,FAIL,14,329.79,Yes,No
7ce0b04c1a28cca6,1,FAIL,2,45.06,No,Yes
8635ff1b1bcf0c2e,5,FAIL,13,311.62,Yes,No
21df75919e7080e4,3,PASS,8,206.16,Yes,No
daa2db8c01da0bfa,5,FAIL,10,208.89,Yes,No
6443d25f8c289548,3,FAIL,8,134.05,No,Yes
91158b440e1d1942,5,FAIL,25,476.61,Yes,No
1ba6ec5d1f0c3bc6,2,FAIL,17,400.13,Yes,No
de0f40e0c4c5852a,4,FAIL,11,316.87,No,Yes
7c2cc9e25acdc10f,4,FAIL,9,170.92,Yes,No
146a216115846f70,5,FAIL,18,315.93,No,Yes
704931925890a56c,2,FAIL,3,41.93,Yes,No
22c41f4911d10461,3,FAIL,7,112.50,No,Yes
75761871763e88e3,2,FAIL,14,325.25,Yes,No
fee7fa98ecbf4534,1,FAIL,6,123.38,Yes,No
3abef01e5d890e13,4,FAIL,13,280.44,No,Yes
a71c3513799bf094,2,FAIL,2,86.93,Yes,No
3b229c1d0453a603,3,FAIL,10,218.44,Yes,No
ba867d9c182c1124,1,FAIL,10,197.83,No,Yes
22ee8177bb6b927d,4,FAIL,16,292.37,No,Yes
200a2fdec77f69b6,1,FAIL,7,163.51,Yes,No
4c7b5bd02c9270d,3,FAIL,12,298.38,No,Yes
efb560f2141edf82,1,PASS,3,79.02,Yes,No
b7b817f9033f188,5,FAIL,15,327.31,Yes,No
4cc3d963aecb0aec,3,FAIL,7,179.17,No,Yes
6a4a59d9017e80e2,4,FAIL,22,398.41,No,Yes
a483b2ad65b79823,4,FAIL,16,396.86,No,Yes
c611d73335c05ea3,3,FAIL,19,376.58,Yes,No
9fc7d6795a3be635,2,PASS,10,228.97,Yes,No
9b4f3b36495c1615,3,FAIL,8,142.54,No,Yes
1b62c846b90e5d1d,3,FAIL,12,244.10,Yes,No
934d99322aa22dff,1,FAIL,14,277.44,No,Yes
cd5b6b24c51fb69a,2,FAIL,18,309.49,Yes,No
bb9d7db6f55f1f1e,4,FAIL,10,218.83,Yes,No
d1e03bb313e747a9,1,FAIL,9,153.92,No,Yes
e1b6f8b19d2f4176,2,FAIL,15,313.13,No,Yes
c09ea70a605760d3,1,FAIL,16,263.72,Yes,No
58a0f5bca3ff514c,5,FAIL,16,322.46,Yes,No
625730bf3883005c,4,FAIL,16,308.55,Yes,No
8211b75bfb0c714d,1,PASS,11,190.41,Yes,No
12adf37a767b56ea,2,FAIL,8,148.29,Yes,No
4582b19904d9a029,1,PASS,9,150.68,Yes,No
62035ff8ad16cb71,2,FAIL,14,332.24,Yes,No
5c3f4379847796c4,4,FAIL,8,203.57,Yes,No
bc71d833fad658fb,1,FAIL,9,214.83,Yes,No
77da6edaa689f44a,2,FAIL,14,219.92,Yes,No
7326259652efbc9d,4,FAIL,1,80.06,No,Yes
85f95e3fbcd76abb,3,FAIL,15,294.92,Yes,No
bb667cb09578b4a3,5,FAIL,21,375.68,No,Yes
ad8f394763490f26,3,FAIL,3,55.21,Yes,No
3d1c8a00f582892,3,FAIL,8,269.50,Yes,No
b10c07139b1aa490,1,PASS,10,371.37,Yes,No
5d259263ec5a5c9e,4,FAIL,15,299.85,Yes,No
62d5ef592f8f91fc,3,FAIL,17,372.59,No,Yes
be49f0eca3cd4c32,1,FAIL,9,172.85,Yes,No
220246750ec56ccb,2,FAIL,3,60.99,Yes,No
f425a63fc423ced0,3,FAIL,16,312.67,No,Yes
b3e3c52cd5223942,5,FAIL,13,514.68,No,Yes
ce576f59fcd8e5b5,4,FAIL,15,451.97,Yes,No
d71204c97803d9a,4,FAIL,18,462.77,Yes,No
cc4ff7682e293a1b,2,PASS,11,209.37,Yes,No
b25e33c50909fc03,2,FAIL,17,440.80,Yes,No
f271fc95525040b1,5,FAIL,21,515.86,Yes,No
9390c84b6360b4bb,1,PASS,16,164.95,Yes,No
a454bd9c3ad0168a,5,FAIL,25,623.48,No,Yes
db130c08db23e907,1,PASS,19,254.98,Yes,No
5c59a67541d92c71,5,FAIL,8,113.97,Yes,No
745deea1055373eb,3,FAIL,12,189.85,Yes,No
440d97e917325fb0,3,FAIL,9,185.97,No,Yes
dbd181183bb9f775,4,FAIL,21,695.29,Yes,No
fef8e390bd7a2a7a,5,FAIL,7,203.07,No,Yes
3987c3fc8d33089e,3,FAIL,11,303.11,Yes,No
851365be4fc5c5e,2,PASS,1,68.52,Yes,No
e20e6b6a00158bdc,5,FAIL,37,819.96,Yes,No
841b2d97bb365b8b,4,FAIL,21,588.26,No,Yes
b4d66071dc728f44,2,FAIL,13,274.98,Yes,No
1e7c5367fa438e3b,5,FAIL,12,266.39,No,Yes
b8eb6f7dd1cc9b86,1,PASS,13,278.34,Yes,No
1796837aa68c2b76,3,FAIL,15,386.28,No,Yes
598f03a76e659bbd,3,PASS,19,500.76,Yes,No
a8ea92dd47f4186b,2,FAIL,19,357.81,Yes,No
a305fe218d16e612,4,FAIL,6,297.92,No,Yes
d58e426a05bbebe0,4,FAIL,19,465.25,No,Yes
95baf8b98ab6874,5,FAIL,13,413.79,No,Yes
d72e6e1a7317b676,4,FAIL,12,242.78,No,Yes
b2888d9633744522,3,FAIL,10,200.01,Yes,No
fb69acc1bff1c7b5,2,FAIL,1,26.55,No,Yes
1b23ec5dcd81c575,2,FAIL,21,644.51,No,Yes
dedb9695c830d9a1,5,FAIL,18,447.40,Yes,No
94e6829bc5fe599b,4,FAIL,2,47.25,Yes,No
7f61e30cde11dfd2,5,FAIL,17,517.08,Yes,No
ac07176ade6d4fcc,2,FAIL,17,310.75,No,Yes
aecb916b87a88a32,3,FAIL,22,425.90,No,Yes
6a3a112c0f2e831b,5,FAIL,20,408.61,No,Yes
e836ae53a1a6b880,5,FAIL,11,236.43,Yes,No
58d9c6f1f97d78c1,2,FAIL,28,444.70,Yes,No
10bea253035c791c,2,FAIL,16,477.56,Yes,No
5569f16359d15a33,5,FAIL,22,420.68,Yes,No
d4af13ed1d455209,1,PASS,19,445.29,Yes,No
4efa50053369c63c,3,FAIL,7,94.00,Yes,No
4088920d22fbc15a,2,FAIL,16,425.56,Yes,No
9ecc1e98360e6c0d,3,FAIL,8,269.65,Yes,No
8b47902d43ed5c7,3,FAIL,8,172.34,Yes,No
6911f7c1419318bb,4,FAIL,16,532.76,Yes,No
ed62498f9a7cf7a5,4,FAIL,13,202.65,Yes,No
4b518615758126ef,3,FAIL,10,316.89,Yes,No
a2a967199664a80,4,FAIL,5,153.19,Yes,No
93c544fa7b73dc1a,4,FAIL,16,273.53,Yes,No
b54da7bdff2713e1,2,FAIL,12,327.23,Yes,No
2c5ddc804e5b35ba,1,FAIL,16,343.82,Yes,No
241a28965ab741d,1,PASS,6,143.32,Yes,No
4a5c32111bf61aae,5,FAIL,18,542.30,Yes,No
65171c970b77339e,2,FAIL,13,518.73,No,Yes
70c971586d6ab721,1,FAIL,10,250.22,Yes,No
dd196820fff0f585,2,FAIL,5,81.08,Yes,No
683d3d2b64d8d1fb,4,FAIL,16,295.25,No,Yes
3ca9fa7e19e2188c,4,PASS,12,263.82,Yes,No
581706995f65f93d,5,FAIL,19,333.78,No,Yes
8f5dd8ca7b23f826,4,FAIL,8,204.48,No,Yes
4c6a9d610b717d17,3,FAIL,17,341.54,No,Yes
f701ba6827f8ceff,2,FAIL,10,297.16,No,Yes
24dd9a735b612dc1,3,FAIL,12,199.95,Yes,No
138e21433d2e6a52,2,FAIL,24,376.40,No,Yes
72a1fec5c73b6560,4,FAIL,12,317.42,No,Yes
86c16115d5cda6a0,5,FAIL,21,494.77,Yes,No
2790e863a5831db9,3,FAIL,14,302.10,No,Yes
ab298046d34718be,5,FAIL,7,228.87,Yes,No
ad8274727f965b1c,1,FAIL,4,110.29,Yes,No
a722e79130881da0,2,FAIL,10,327.47,Yes,No
9435f4bc2b1cf34d,1,FAIL,11,148.79,No,Yes
2e4b26ec1c401cbe,4,FAIL,13,253.30,No,Yes
8b308dfba88e4ac,3,FAIL,16,396.25,No,Yes
701d6d1daff25a25,2,FAIL,8,143.99,Yes,No
f42b8d86bfb89096,1,FAIL,5,147.42,Yes,No
c4341ab9fd5c439c,1,FAIL,1,51.74,No,Yes
97be11048bb04a30,3,FAIL,7,177.41,Yes,No
7f403db698db059f,1,PASS,9,168.85,Yes,No
9e892fbdd6f4c4a9,2,FAIL,19,353.90,No,Yes
b7672ba95aff4ff6,5,FAIL,16,340.38,Yes,No
e0e6857dd441101b,2,FAIL,10,279.44,Yes,No
a12c7a055e6395a2,2,FAIL,11,273.96,No,Yes
e8f814f726cb4612,5,FAIL,7,204.45,Yes,No
fc19c4a5e89d29f4,4,FAIL,28,634.29,Yes,No
4ec9d16a5a573d4e,2,FAIL,1,41.99,Yes,No
8bbb1046d8c49095,1,FAIL,6,163.25,Yes,No
8e231f18dc7d476f,5,FAIL,15,398.07,No,Yes
50ed62dcb0f1bce3,4,FAIL,17,378.77,No,Yes
154515f7b4e4fe2b,2,PASS,10,215.21,Yes,No
1a43bd0f8e35bd1d,2,FAIL,17,661.45,No,Yes
281ee792644831c5,2,FAIL,13,426.87,No,Yes
c881c033239a38de,3,FAIL,9,269.64,Yes,No
a92cdc81d7a94775,5,FAIL,12,225.12,Yes,No
9283bfdf68bc92a8,2,FAIL,13,187.02,Yes,No
b7cbcba402c57078,2,FAIL,16,381.73,Yes,No
11846421c28ce2aa,4,FAIL,12,495.76,No,Yes
2a0e2b1240764998,4,FAIL,10,342.82,Yes,No
577d6771b88eca36,3,FAIL,18,415.37,Yes,No
9c31840855436adc,5,FAIL,19,429.23,Yes,No
495da6f2a1c1f750,5,FAIL,8,217.71,No,Yes
544628c3b3077982,5,FAIL,15,368.65,Yes,No
95bd7bebb5849554,2,FAIL,13,358.06,No,Yes
5daa7098e5e15b8a,3,FAIL,13,313.57,Yes,No
2d360e53c1cbf48e,2,FAIL,10,257.99,Yes,No
ad210a7535f9228a,3,PASS,1,49.23,Yes,No
4d1f8e4f341d8ba,2,FAIL,13,411.46,No,Yes
c0bf87685a69078a,2,FAIL,3,62.69,Yes,No
e155b38ad467ae03,5,FAIL,10,186.60,Yes,No
525f7011d139f68e,1,FAIL,4,80.01,Yes,No
85ace8079f2972ab,3,FAIL,20,476.65,No,Yes
d79be6059dc29292,2,FAIL,15,330.59,Yes,No
bc2d315cd19b8b76,3,FAIL,7,177.91,Yes,No
336018fab47f526a,2,FAIL,7,137.37,No,Yes
9a0559017cacdd9c,1,FAIL,7,140.17,Yes,No
5d4260bea3b7d613,1,PASS,7,83.43,Yes,No
14738c1f0e0cf17e,2,FAIL,2,63.24,No,Yes
23f41583d9fe02ee,2,FAIL,12,350.64,No,Yes
58acf96418610e19,5,FAIL,20,575.10,No,Yes
624d40ea5ad58707,2,FAIL,19,461.06,No,Yes
9ec88d42d75e54fd,3,FAIL,15,335.35,No,Yes
476e3c927a845ee2,3,FAIL,7,216.78,No,Yes
664bfd4472be694f,2,FAIL,27,628.93,No,Yes
caa32446dc7ead46,2,FAIL,8,201.98,Yes,No
4fda11641a1a910d,2,FAIL,13,371.20,Yes,No
3e3df50762cc36ec,5,FAIL,17,267.03,Yes,No
25d54c7266e20657,1,FAIL,16,439.57,No,Yes
6989cd6ab3949a4f,3,FAIL,13,456.48,No,Yes
590618124bd8505f,1,FAIL,7,119.58,Yes,No
a467089dbb60a183,2,FAIL,7,144.60,No,Yes
d7085f61b66ce173,3,FAIL,10,252.83,Yes,No
f435579761647ddf,3,FAIL,11,225.31,Yes,No
feae5b1edd06f1d8,3,FAIL,9,236.27,Yes,No
d68b4a78a6f0565e,4,FAIL,6,137.91,Yes,No
4aef1ec8290c118,3,FAIL,15,344.49,No,Yes
274e23e5326cd99e,3,FAIL,20,502.75,Yes,No
cea6e767c4288aaa,5,FAIL,12,341.14,Yes,No
a4c2176205e2a4a2,5,FAIL,20,401.86,Yes,No
a3e158fe8036aa90,1,FAIL,11,266.85,No,Yes
98325269e7bc1977,2,FAIL,7,172.74,Yes,No
8dc55e8d130ea293,3,FAIL,11,426.55,No,Yes
e090440b02df7219,3,FAIL,1,46.18,No,Yes
f758efc83c595b04,3,FAIL,22,495.24,No,Yes
ac7626649901d917,5,FAIL,14,271.96,Yes,No
cb28e0534aa0b063,2,FAIL,16,372.07,No,Yes
b7b14b2fbd23c24b,1,FAIL,11,251.88,Yes,No
f7c670905617d0e2,3,FAIL,17,555.91,No,Yes
cc060a01c6f06fab,1,FAIL,14,349.86,Yes,No
a8a6d541abcb65e9,5,FAIL,12,329.00,No,Yes
703d0229f69d6415,5,FAIL,17,220.08,No,Yes
608f0139a3c6e1de,3,FAIL,23,584.87,No,Yes
83e85cc51ea9b2fb,5,FAIL,27,606.32,No,Yes
899bbb366dc44689,3,FAIL,22,565.81,Yes,No
c8b18eeabcd973f1,1,FAIL,2,23.82,Yes,No
da30abc42943f24c,3,FAIL,10,234.54,Yes,No
e399bce353272491,5,FAIL,5,140.23,Yes,No
7306458c0105872e,5,FAIL,13,233.19,Yes,No
e605eb2515ac4bfe,5,FAIL,8,156.85,Yes,No
2f52e830064190c4,1,PASS,12,286.77,Yes,No
226fd6aa76fd90b5,3,FAIL,24,482.48,Yes,No
70bb35cbdc82f22d,4,FAIL,12,247.90,No,Yes
c92372bd94215032,3,FAIL,7,279.49,Yes,No
7490b794631b985e,5,FAIL,12,287.97,Yes,No
82877e44b5aa0795,1,PASS,23,411.55,Yes,No
5f0427651d0b984c,2,FAIL,7,240.18,Yes,No
a6aca58a3edafcc2,3,FAIL,18,418.62,No,Yes
b9f806a3aba3a370,5,FAIL,13,370.68,No,Yes
6663c8ddf3565b3f,5,FAIL,24,433.84,Yes,No
df855ae9d3a12db5,2,FAIL,22,471.73,Yes,No
fea07309116da353,3,FAIL,9,261.52,Yes,No
10aae2671ff44dc2,5,FAIL,17,306.49,Yes,No
b40b772a9ef00980,1,PASS,11,200.23,Yes,No
cf9dfd87180659b,4,FAIL,14,318.42,No,Yes
c2f1726c32030b96,2,FAIL,7,156.16,Yes,No
51b9bb5cdf4abfef,3,FAIL,13,364.15,Yes,No
820399c7eebb39c2,3,FAIL,12,249.54,Yes,No
58fff3d41575caab,4,FAIL,16,395.19,No,Yes
fed3e5eff97750d6,2,FAIL,11,340.81,Yes,No
fa1114b465eb178,2,FAIL,14,363.00,Yes,No
611f87b14c17edb2,4,FAIL,9,256.02,Yes,No
d182949e859cba4f,2,FAIL,8,283.66,Yes,No
cdb63ede036474c5,4,FAIL,12,278.09,No,Yes
851fd63e172dbba0,4,FAIL,1,73.12,Yes,No
4de04b3c4d15b5d5,3,FAIL,7,198.52,Yes,No
95916b71a3f794ff,2,FAIL,9,403.96,Yes,No
e960398c9fbd29fe,3,FAIL,7,155.66,Yes,No
9a5dbca10f5418db,2,FAIL,6,121.37,Yes,No
857ae50f99d9f3ac,2,FAIL,9,284.08,Yes,No
a2106593071eb66a,4,FAIL,22,587.30,No,Yes
95fc27b34533357d,5,FAIL,16,309.09,Yes,No
27a3f4a05594287b,2,FAIL,8,201.27,Yes,No
8676d8ef338255d2,4,FAIL,20,405.31,No,Yes
519594536d60e115,2,FAIL,12,190.74,Yes,No
cecbbabf056d148c,3,FAIL,16,316.37,No,Yes
9cddf98975ee77a2,3,FAIL,11,154.80,Yes,No
969355c609397327,4,FAIL,11,299.60,Yes,No
92e56e8b713d5c9d,5,FAIL,16,273.91,Yes,No
13363083e52f42ac,5,FAIL,11,310.95,No,Yes
d22b1d7fd116be8b,3,FAIL,7,149.53,No,Yes
1bf8d47b32b9b719,3,FAIL,25,715.69,No,Yes
d170cc270db4f272,1,PASS,20,469.33,Yes,No
8f1f819d287a3bb2,4,FAIL,2,80.81,Yes,No
e10bd3e5d6963967,3,FAIL,14,205.37,Yes,No
5b6ee1f3e4e114a7,3,FAIL,8,140.55,Yes,No
2691c37dd4b921ae,4,FAIL,13,403.44,No,Yes
1d13ef360a0d5ca5,1,FAIL,2,41.38,Yes,No
1f85eacd72d02d23,5,FAIL,14,277.79,Yes,No
9b274fcf3ed44212,1,FAIL,8,187.95,Yes,No
df15fe6ed4dd7df0,3,FAIL,7,74.96,No,Yes
52df57cc84fbc153,5,FAIL,22,446.62,No,Yes
cef4eaa4525b4d4a,1,FAIL,12,419.28,No,Yes
2cdfbd4a9f364513,2,FAIL,1,42.73,No,Yes
1ef0bc42f42911b,5,FAIL,19,416.61,No,Yes
c94de1c651355827,3,FAIL,22,419.83,Yes,No
5faeb260f219d74a,3,FAIL,31,569.35,No,Yes
f50e2570d6d028f4,3,FAIL,21,419.21,No,Yes
8c2ad5e4cfbbc016,4,FAIL,33,568.23,No,Yes
dea5ab3b33019569,4,FAIL,15,303.51,Yes,No
22f2c48bcc4ce64f,2,FAIL,14,343.26,Yes,No
6be507c084e691cb,2,FAIL,16,406.46,No,Yes
7952d255b6ea209c,4,FAIL,15,390.95,No,Yes
ebcbfd4fa2867c42,2,FAIL,6,232.49,Yes,No
3a6ba4ffd84fc4c1,5,FAIL,1,46.00,Yes,No
93a638921305725f,4,FAIL,12,275.18,Yes,No
8ea34b6d23b4761e,2,FAIL,19,386.52,No,Yes
88fa0972b417c260,5,FAIL,19,422.44,No,Yes
6eab214d450d4dbe,4,FAIL,27,507.71,No,Yes
66af5fa2c849be82,4,FAIL,12,295.15,Yes,No
3b9f7395fef14327,5,FAIL,14,310.86,Yes,No
f8999f1ddbc4e969,2,FAIL,18,433.77,No,Yes
8d5f970e2d32d4eb,3,FAIL,19,408.36,Yes,No
2ba08168d4f94e2f,3,FAIL,13,217.75,Yes,No
442360e781344ca6,3,FAIL,16,440.58,No,Yes
293100f44e836546,3,FAIL,9,233.96,No,Yes
4d7a1a66baaf63ae,2,FAIL,2,30.33,Yes,No
f6b6da2cfd79bf8d,4,FAIL,19,469.27,No,Yes
f92812f4de72ff65,2,FAIL,16,298.28,No,Yes
6309fe9234408d09,3,FAIL,5,30.57,Yes,No
fcddbcaebe33803e,5,FAIL,1,79.02,Yes,No
51464a9c8a314377,5,FAIL,9,259.12,Yes,No
a4bf7550aba66cda,1,FAIL,6,181.67,Yes,No
a022c119975a7c52,3,PASS,14,419.45,Yes,No
1a068875a3e6faef,2,FAIL,12,252.55,Yes,No
4fe157e88b75d1c6,4,FAIL,18,361.63,Yes,No
39e018c085e923c6,4,FAIL,11,303.24,Yes,No
f8e018c187532e55,2,FAIL,2,89.67,Yes,No
209102523fe9cb33,3,FAIL,4,92.31,Yes,No
1a54d6e78eb31f57,3,FAIL,2,51.11,Yes,No
9725866ac2281eec,4,FAIL,18,425.68,Yes,No
6bd50bbc57f0da07,3,FAIL,15,430.13,No,Yes
dee9e7fb15309f84,2,PASS,16,314.83,Yes,No
86902220d12d703f,4,FAIL,10,234.40,Yes,No
4eb57609ef1ee631,1,FAIL,4,69.99,No,Yes
2f79e45518965eb9,4,FAIL,23,648.41,No,Yes
56d5533533454616,4,FAIL,13,458.16,Yes,No
49e1d44abd319766,5,FAIL,11,298.82,No,Yes
b4236ee204ca4ebd,1,FAIL,15,283.49,No,Yes
bd50007a27ec4c42,5,FAIL,12,216.70,Yes,No
46e5ace860a947c,5,FAIL,19,558.86,No,Yes
65de230f331a4c45,3,FAIL,16,314.01,Yes,No
208cf4346af75ddb,1,FAIL,9,247.95,No,Yes
90fd5c8fc5c892bc,2,FAIL,18,342.35,No,Yes
451e601ab40d68ce,3,FAIL,23,489.43,No,Yes
c57d2afd719e3f0a,2,FAIL,16,292.66,No,Yes
788033d48bdb93a4,2,FAIL,6,125.68,Yes,No
1ea856e2b1a1fe37,2,FAIL,14,189.52,No,Yes
ce2b4e5ce355a816,1,PASS,10,149.52,Yes,No
a8367944d1ed9ac,5,FAIL,22,554.35,No,Yes
afa4e2bcc5412771,2,FAIL,13,265.16,No,Yes
fe0ba1ad7aff48c5,1,PASS,2,37.64,Yes,No
e776bbdf9faf8a36,3,FAIL,9,229.19,Yes,No
1b3d9f4f52d85b56,2,FAIL,8,262.34,Yes,No
b142fbbeb41041b7,5,FAIL,18,321.02,Yes,No
5f53135de8b1954a,2,FAIL,13,402.47,No,Yes
62c72bfb2683d204,5,FAIL,20,263.65,Yes,No
6f9050409662ade1,1,FAIL,15,243.19,No,Yes
5ad45782c4d247fd,3,FAIL,9,268.87,Yes,No
ad84c6fc0204a477,2,FAIL,17,295.33,No,Yes
6f26802c8e80c94b,2,PASS,6,153.66,Yes,No
2a959752e36b0310,3,FAIL,10,337.43,Yes,No
8ce6a69f4a2bf7f8,1,FAIL,9,270.25,Yes,No
a388bae91e3687fc,1,FAIL,9,200.97,No,Yes
52a0c371bcb62cb9,1,FAIL,9,221.89,No,Yes
307a49ad7e092e92,1,FAIL,4,66.74,Yes,No
a75d02e340d80895,4,FAIL,9,136.01,No,Yes
dfc4068c3d885844,3,FAIL,23,547.55,No,Yes
8ab3bd25684da05b,4,FAIL,8,204.74,No,Yes
14cfe9b24820e86d,3,FAIL,22,433.29,Yes,No
44be3c34e106de01,3,FAIL,9,199.17,Yes,No
6515cfe93ce509e,3,FAIL,3,37.10,Yes,No
97a8f474dbded2a7,5,FAIL,13,295.22,Yes,No
723c768ba214cf52,3,FAIL,6,129.28,No,Yes
45119a0d8ec60ee4,4,FAIL,6,152.33,Yes,No
f10cb5a22d358c0e,4,FAIL,20,556.52,No,Yes
7f0b58b125996cef,1,PASS,8,175.94,Yes,No
d891fc0de00c39ae,4,FAIL,8,249.49,Yes,No
f92885c46014bd68,1,FAIL,6,105.42,Yes,No
d276fc6b3d2511e2,1,FAIL,3,45.61,Yes,No
fab463aae2041518,1,FAIL,15,427.04,Yes,No
de3e9c0b4fe6d32e,5,FAIL,19,610.30,No,Yes
c42545022c2f958a,2,FAIL,4,56.98,Yes,No
5bd4eba15bbb1174,3,FAIL,12,336.38,Yes,No
77078b45b62cd8dc,2,FAIL,29,552.22,No,Yes
9dd10d6188ee053c,5,FAIL,19,436.28,Yes,No
e6f85b7321c058cc,4,FAIL,10,347.04,No,Yes
15ba4ccf6e2bee00,4,FAIL,7,161.20,Yes,No
81b285fa0fa2bafa,3,FAIL,2,52.87,Yes,No
42bfcaee82187611,4,FAIL,16,352.86,No,Yes
51d09f953078db61,4,FAIL,32,748.46,Yes,No
199107ddf5bc64ff,5,FAIL,9,251.10,Yes,No
437a193bf1a65f04,5,FAIL,23,448.61,No,Yes
36cb3f329a6ce01d,1,FAIL,16,281.26,No,Yes
afae70e7d540f75d,4,FAIL,11,220.56,No,Yes
a59bf17b740b01fd,5,FAIL,41,851.36,No,Yes
51acec8bf877a466,4,FAIL,15,335.13,Yes,No
9ca09c7a868983eb,1,FAIL,26,490.11,No,Yes
d419f8fbaf6fe22,1,PASS,8,121.52,Yes,No
ed8737f58ab6b01e,3,FAIL,8,145.69,No,Yes
3b1efff9d208e60e,2,FAIL,15,458.07,Yes,No
60177fc9cf98665a,2,FAIL,19,563.33,Yes,No
bad1eb90a6a08dc,1,FAIL,5,200.63,Yes,No
88575fccc666f7e9,3,FAIL,36,816.33,Yes,No
e6d6869b96602d91,2,FAIL,4,156.39,Yes,No
11f8795deb4f8d00,1,FAIL,32,1110.82,Yes,No
f38d151800d3189a,5,FAIL,100,2214.57,No,Yes
cd651b4721caf15d,1,FAIL,15,593.75,Yes,No
6eef43a6cfab1403,4,FAIL,18,623.02,Yes,No
a93c03fb9b3377af,1,PASS,14,565.23,Yes,No
cff5599c6dd870f0,3,FAIL,12,376.43,Yes,No
8be533948462dbe,1,FAIL,8,147.96,Yes,No
81ba60816ec3caf4,3,FAIL,17,594.18,Yes,No
a6aa8422fc61f5fc,3,FAIL,13,381.60,Yes,No
483600d86a04ce7e,1,PASS,16,464.71,Yes,No
3cfa2d64b8faa4bf,5,FAIL,27,992.02,Yes,No
50f54de4937b3599,4,FAIL,6,204.49,Yes,No
ba52f869c61f21b5,3,FAIL,9,235.83,Yes,No
24289a0f9096e6a7,1,PASS,8,300.19,Yes,No
ceb9b6e07d83a8f2,3,FAIL,23,617.61,Yes,No
9d48e5c940285cc1,4,FAIL,100,2278.36,No,Yes
cd5fcbab6212d1d3,2,FAIL,13,386.06,Yes,No
37511cf28410d02d,5,FAIL,18,677.69,Yes,No
9bd62a0dce10434d,1,FAIL,27,1078.13,Yes,No
5a0358b2f517c242,3,FAIL,20,621.03,Yes,No
7f017c48853b5bdf,5,FAIL,49,1449.97,Yes,No
c3d39f83080c2be0,2,FAIL,2,48.49,Yes,No
d15996d3b19a7b89,4,FAIL,28,1543.25,Yes,No
5e7cbdd4ea58a968,3,FAIL,3,51.65,Yes,No
2ec21f80d299308c,5,FAIL,11,374.49,Yes,No
2e3e77529092e4d8,2,FAIL,24,1029.42,Yes,No
3026e4c4c27a1245,2,FAIL,39,1086.53,Yes,No
752ad13bb02edb78,2,FAIL,10,263.14,Yes,No
4fea7fa61194564d,1,FAIL,6,191.18,Yes,No
71d86556e76ad543,2,FAIL,13,552.37,Yes,No
491bb36b613e4e47,5,FAIL,22,792.55,Yes,No
40693c9b829f7c9,1,PASS,8,243.22,Yes,No
474da419ac055d71,3,FAIL,3,186.33,Yes,No
e804a2b9ef415dc,2,FAIL,15,537.43,Yes,No
be13f5d153641d08,2,FAIL,56,1625.74,Yes,No
645beb1e8decfea4,3,FAIL,29,752.28,Yes,No
2ae4ce9e092ca6e7,3,FAIL,3,71.68,Yes,No
78ddc0c26cafd04c,5,FAIL,100,2449.95,No,Yes
19cf04310fb0f101,4,FAIL,22,794.92,Yes,No
6fff75b605783aaf,2,FAIL,2,80.04,Yes,No
c7cc3a12411b96b7,3,PASS,14,360.45,Yes,No
b3a09d3b16798194,1,FAIL,7,273.94,Yes,No
e9f72a3f25af192,4,FAIL,42,1128.70,Yes,No
4103547582f7c52f,2,FAIL,26,993.16,Yes,No
8b20514e6e30759,4,FAIL,15,555.67,Yes,No
1c88380f6e6ff078,1,FAIL,12,434.81,Yes,No
40cac0c85d57352c,2,PASS,18,637.23,Yes,No
2bcd973446d31c7c,3,FAIL,11,318.29,Yes,No
3b022960e0952ea6,1,FAIL,1,69.48,Yes,No
af273e8037137f53,3,FAIL,17,695.93,Yes,No
f40072aa3a377063,1,FAIL,25,844.78,Yes,No
bfafe8fa302355fe,2,FAIL,11,262.16,Yes,No
71cda8beb94a1e5,4,FAIL,42,1865.00,Yes,No
e7139fb59fd50480,2,FAIL,100,2476.13,No,Yes
5b1fec7314b29551,4,FAIL,2,76.94,Yes,No
7af275888f0be7d4,5,FAIL,24,645.48,Yes,No
5b13733bc4bcb00e,3,FAIL,100,2504.54,No,Yes
e0f69178ae50095b,4,FAIL,26,963.19,Yes,No
f720ec5ea886eaf3,1,FAIL,11,343.22,Yes,No
bf4fd850fc72f25b,2,PASS,6,186.71,Yes,No
d30a1b2a8c6477a0,5,FAIL,22,656.50,Yes,No
5706655e3f23093f,5,FAIL,19,594.25,Yes,No
41c32cabac723b4f,2,FAIL,1,34.82,Yes,No
b34d5b604e28b5dd,2,FAIL,29,1153.11,Yes,No
c457ef85e50b1c07,1,FAIL,12,559.14,Yes,No
4bd84e4ceca9ecfd,2,FAIL,100,2351.68,No,Yes
cbe1e0098658043a,3,FAIL,2,29.56,Yes,No
862a69c8aaae8b50,3,FAIL,26,1008.95,Yes,No
4cc3f931805bb756,3,FAIL,36,1085.75,Yes,No
3ae48cafadebb0d0,4,FAIL,28,815.09,Yes,No
804263863cd097a,2,FAIL,11,457.98,Yes,No
8f4d93a46b78c478,2,FAIL,27,745.69,Yes,No
20511a9f2db0ff9b,2,FAIL,23,663.56,Yes,No
ab752f1f9da8f654,2,FAIL,12,365.43,Yes,No
ae5679acd7f28fd1,4,FAIL,1,22.12,Yes,No
bfa8b40b956dcb3,1,FAIL,15,491.98,Yes,No
d5946da1a06e3e22,4,FAIL,2,121.64,Yes,No
fbe37e40106ef25f,4,FAIL,12,395.95,Yes,No
2d269a6bdf9d69bf,1,FAIL,3,141.07,Yes,No
e8e25a93e5e45009,5,FAIL,16,454.09,Yes,No
225d82499bcf63c1,2,FAIL,10,278.04,Yes,No
6717286bb4b420f6,1,FAIL,15,689.77,Yes,No
cd584a0c52a16fb,1,FAIL,6,287.64,Yes,No
96fc153ae5995301,2,PASS,13,491.94,Yes,No
44d322a3010f2431,5,FAIL,21,612.34,Yes,No
65417b2dd681e9c1,2,FAIL,4,96.35,Yes,No
227ecc17b26ed625,1,FAIL,15,481.39,Yes,No
9cf124fbc3977211,5,FAIL,19,503.31,Yes,No
1d078c743d8f1d61,3,FAIL,60,1350.45,Yes,No
a4c23371c36c8274,1,FAIL,3,302.31,Yes,No
64b43a2733ea8b0,4,FAIL,18,396.81,Yes,No
37655434b1874fdf,2,FAIL,31,995.86,Yes,No
7a79f99ecc0bd399,1,FAIL,9,276.31,Yes,No
fa6b6ae14dba028d,3,FAIL,3,37.28,Yes,No
9cd4e57e1d270f05,2,FAIL,15,402.51,Yes,No
